forecast_horizon,chronos_raw__pf_full,ffnn_large_b50__pf_full__seed60,ffnn_large_b50__pf_full__seed61,ffnn_large_b50__pf_full__seed62,ffnn_large_b50__pf_full__seed63,ffnn_large_b50__pf_full__seed64,ffnn_linear_b50__pf_full__seed60,ffnn_linear_b50__pf_full__seed61,ffnn_linear_b50__pf_full__seed62,ffnn_linear_b50__pf_full__seed63,ffnn_linear_b50__pf_full__seed64,forma_fgrid__pf_full__seed60,forma_fgrid__pf_full__seed61,forma_fgrid__pf_full__seed62,forma_fgrid__pf_full__seed63,forma_fgrid__pf_full__seed64,forma_lap05_fgrid__pf_full__seed60,forma_lap05_fgrid__pf_full__seed61,forma_lap05_fgrid__pf_full__seed62,forma_lap05_fgrid__pf_full__seed63,forma_lap05_fgrid__pf_full__seed64
1,0.23191342214589883,0.2809267771951226,0.2781499208158996,0.28072676017392995,0.28152186848638205,0.28246369439383157,0.3674769685701772,0.36777388234305364,0.367684754404891,0.3671015038908002,0.3676316091558459,0.38563845672871433,0.38418260639397217,0.3783055079137789,0.3772034652638917,0.3782443477037407,0.35377268161305964,0.3560620079947433,0.3577854018274771,0.3508727993016928,0.3560666433335915
2,0.21877515487100896,0.27656966859846155,0.27461415689812574,0.27689077176792,0.2778589983746691,0.27735912546008545,0.3396675625320855,0.33994494265475816,0.3392862356480508,0.33901091481054957,0.33876914200789143,0.35889410266482047,0.3580983138224767,0.35414503721576374,0.35281505691591675,0.3545476780004926,0.3284247506640666,0.33078195787846854,0.3306922241954804,0.32724432170357254,0.32833395662096077
3,0.2171311448407205,0.277228846208757,0.27546172316572004,0.2775753147978469,0.2787751513220297,0.2777584886692068,0.32480866618243087,0.3249622128321731,0.32461220033257143,0.324739026591053,0.3247098622301755,0.3430957818841157,0.34339185442024245,0.34058547885896817,0.3383686704500467,0.33916963696005753,0.3109456203379276,0.31348128894984273,0.31308185957722123,0.30933838502451305,0.31175714239976415
4,0.16841539021922913,0.231656385921424,0.2302775886452414,0.2326218691172547,0.23379014203950021,0.232182628888981,0.2687576590727836,0.2694309190740447,0.2696453605104251,0.2692709827822708,0.26894556036983364,0.29137466576162396,0.2927656992706935,0.2913402606640748,0.2883172191819482,0.2899845858981104,0.2570341872040083,0.2609304884253859,0.26083067653292247,0.2540948201730422,0.25900614620109985
5,0.1917700175834408,0.27195399031107736,0.2700168546766234,0.27273407988563836,0.2733212865817226,0.27139732432546915,0.2934284354839676,0.293643711246971,0.29409337743183717,0.293684788348878,0.29301205667931973,0.3136327229824576,0.31504531769260613,0.314743000534077,0.311295239448552,0.31462424335413075,0.28470657759477613,0.28686147900495274,0.28642896006555973,0.2824360378141211,0.2867426425209323
6,0.18286870328992821,0.2683895561768639,0.26590300294776303,0.26863741838910815,0.2690624447744071,0.2668069078387122,0.28138718068200375,0.28146527253914466,0.28164619968224625,0.2809770901669365,0.28064181241073427,0.3045544084222692,0.3076617432126909,0.3074959392079747,0.3033809368938637,0.30672561454383074,0.27493817714372937,0.28065384588380193,0.27895041960390354,0.2749333358827081,0.2797601020839239
7,0.1788924561778924,0.26580559355474265,0.262574847248937,0.26554386890812565,0.2660153173094072,0.2628752132955845,0.2737979297643367,0.27337710292418094,0.27385987890668717,0.27296938244257163,0.27318010629808176,0.2954689472659563,0.3018559148261969,0.3027894308749045,0.29488902773669634,0.29941067717282843,0.26568082267040805,0.27381851637318755,0.2735281655238265,0.26841939116542946,0.2741578601323128
8,0.1481172719567646,0.23569801601300933,0.23169850923779234,0.23456575397603108,0.23538783632065985,0.23205779544731842,0.23898715905125845,0.2383346700357638,0.23913065567636949,0.2382603566343211,0.2386177383554593,0.2625353637720481,0.2731546146393433,0.27233369847400035,0.26368677166967314,0.26741177451794673,0.23087467907595272,0.24190453815777113,0.24139684400510875,0.23474766515375234,0.2402265342852773
9,0.163418626795933,0.25646564132905203,0.2521889169772704,0.25578967021366295,0.2561270825670936,0.25281598217436196,0.25536209015351474,0.2545975685076849,0.2552865929377198,0.2543279542715635,0.2551669756901529,0.2778001857319724,0.2895328886411537,0.28755997761232344,0.2806098999584846,0.2850969169844728,0.24785274928836742,0.25904418407571617,0.25774231516100365,0.2530656455841839,0.25680569699094913
10,0.15778020406230053,0.2517241800691178,0.24705610603862516,0.25071352986589046,0.2511445694842611,0.247438505877561,0.24898815918908357,0.24857087028786506,0.2495149296694429,0.24904928933503434,0.2486675597757022,0.27386776988161265,0.28443277845818415,0.2837134673743117,0.2761286470064984,0.27934114012450884,0.2419081030002489,0.25468614877090856,0.25379177737382463,0.2487278698766806,0.2511730489384085
11,0.1470580624581076,0.2453131094691674,0.24068727710918114,0.24433572795019598,0.24425814865755258,0.24176453282223043,0.24364247634144354,0.24301927275156288,0.24386002626939252,0.24302051310853456,0.24358561289724778,0.2674383504745139,0.27789558565984174,0.2796959773019466,0.2680348574223943,0.27126073703839493,0.2332241058648744,0.2471451729655494,0.24804159288903294,0.2405969323145154,0.2436539005826419
12,0.1164333864411422,0.21681869188251524,0.2117332130515498,0.21508110375744327,0.2153205155955369,0.21245134260260257,0.21447617766953486,0.21397484886882312,0.21406463568020817,0.2142363179792397,0.21461327843165356,0.23812061573742693,0.2505648116442145,0.2534128117340966,0.2399200127208021,0.2442587811433986,0.20254006367117094,0.21946303133705347,0.2201858935191623,0.2103691349434701,0.21448800608699614
13,0.12859855552316557,0.23234419724552957,0.22701257615153503,0.23142912806652882,0.231574130327736,0.2286654294154401,0.22944746921467385,0.22869870147642013,0.22915064197921575,0.22923131988254064,0.2293128717577868,0.24828314868027668,0.2623050442274464,0.26840020761314276,0.2523818984046359,0.2577848735515317,0.2162845827661677,0.2331584734475065,0.233588571530556,0.22279587484993535,0.22809037003899602
14,0.12690424890878305,0.23044142206527052,0.2237604596538102,0.22858368793975048,0.22920400884666903,0.22534731940329178,0.22202739776790692,0.22231755438650036,0.2220947623515488,0.221832852902755,0.2219081774481868,0.24398578963804618,0.2602927715008976,0.2674119099794119,0.2507715952309284,0.255827961903624,0.21327079200155374,0.2332035501003542,0.23181596690097228,0.219953169831537,0.2256452904728692
15,0.12354938115236691,0.22554140722009652,0.21910550230611736,0.22280131111864276,0.2236962048377199,0.2196198617269145,0.2121621942111961,0.21242314634278192,0.2119149249922022,0.2118749895409463,0.21215957823316334,0.23888621979294222,0.2553689963758311,0.26360078317695457,0.24543315212335626,0.24963279192629484,0.20695775891189394,0.2274106883746052,0.22688736701123846,0.21345288119950756,0.219771357108973
16,0.10176861481097887,0.20177472054973578,0.1954340793504955,0.19914525371714886,0.1990647869666592,0.19586782324022123,0.1876110581784438,0.18706613887203793,0.18638674671253397,0.186922234902411,0.18682196348037772,0.2167269410767203,0.23301525714617133,0.24125281558193135,0.2223656001001585,0.22579208007065132,0.18122527023816348,0.20500120980116976,0.20402663558899092,0.18865349323112168,0.19483347687606734
17,0.1205290393758609,0.2157848731760159,0.2081039171449902,0.21312647311388178,0.21448632149633862,0.2096971329696169,0.20458573876319686,0.20481710180926138,0.2047968302112363,0.2044513177820092,0.20420871910655924,0.22874390787011256,0.24574029005517595,0.25417746230927984,0.23528765136196428,0.23800881318010503,0.1927214898975893,0.2165329078618612,0.21714746968316412,0.20029236695435093,0.2061112115284428
18,0.12395663316905003,0.21210123863877606,0.20459613159842105,0.2085868040477974,0.20916596056843695,0.20445454040708266,0.2060332348945303,0.2049336602753261,0.20599243368077802,0.20553974147626164,0.20641784156057386,0.22619271120381224,0.24416187798252487,0.2520053305340746,0.23449524641724317,0.23497077985774084,0.18960544203387408,0.2163787258205212,0.2160516369425387,0.198673226947776,0.20367436121912164
19,0.12421211953792566,0.20681079051063767,0.1972899381310932,0.2022326847295154,0.20398189526027877,0.19864813969908446,0.1999192709124218,0.1989155766125792,0.1998576136725353,0.19984820115818602,0.20023678204349327,0.22107878595036767,0.24086692754925898,0.24839460520918644,0.23150288230612437,0.2283592702790952,0.18304495786854125,0.2111117021844544,0.21148128464987392,0.19300996318321273,0.19723181131113188
20,0.1071224416879828,0.18531305432736578,0.17658100823592981,0.18184880064833353,0.18217979102560333,0.17859432985226265,0.17657025992372677,0.17522886657694514,0.1761917489409608,0.17728628161263538,0.1762786383259226,0.2046262948421197,0.22239546398772336,0.2286154202122962,0.21473864700478118,0.20669323267807682,0.1622893369984384,0.19246782545163343,0.19235157498642552,0.1722334757890912,0.17667924038607308
